{
    "Agent": {
        "total": 0.6249665999999934
    },
    "Env": {
        "apply_act": 0.01921539999999311,
        "observation_computation": 0.001861199999993346,
        "powerflow_computation": 0.1103870000000029,
        "total": 0.13146359999998936
    },
    "total": 0.7573099000000099
}