{
    "Agent": {
        "total": 53.6518075000005
    },
    "Env": {
        "apply_act": 2.793221499999987,
        "observation_computation": 0.42499099999969303,
        "powerflow_computation": 9.373738699999677,
        "total": 12.591951199999357
    },
    "total": 66.3614216
}