{
    "Agent": {
        "total": 39.05310080000004
    },
    "Env": {
        "apply_act": 2.0569334000000197,
        "observation_computation": 0.3121893000001137,
        "powerflow_computation": 6.899702499999876,
        "total": 9.268825200000009
    },
    "total": 48.4047453
}