{
    "Agent": {
        "total": 25.963690500000126
    },
    "Env": {
        "apply_act": 1.332055599999947,
        "observation_computation": 0.1997767999998672,
        "powerflow_computation": 4.398485700000194,
        "total": 5.930318100000008
    },
    "total": 31.949332899999987
}