{
    "Agent": {
        "total": 18.848367500000037
    },
    "Env": {
        "apply_act": 0.9558641000000989,
        "observation_computation": 0.14838900000003719,
        "powerflow_computation": 3.2153091999999077,
        "total": 4.319562300000044
    },
    "total": 23.209843300000003
}