{
    "Agent": {
        "total": 7.974765400000001
    },
    "Env": {
        "apply_act": 0.4054041000000037,
        "observation_computation": 0.06171430000001088,
        "powerflow_computation": 1.40443159999999,
        "total": 1.8715500000000045
    },
    "total": 9.863382900000001
}