{
    "Agent": {
        "total": 50.787011000000035
    },
    "Env": {
        "apply_act": 2.643419399999944,
        "observation_computation": 0.40372629999991716,
        "powerflow_computation": 8.764744600000034,
        "total": 11.811890299999895
    },
    "total": 62.70587870000001
}