{
    "Agent": {
        "total": 50.518201600000125
    },
    "Env": {
        "apply_act": 2.5936464000000328,
        "observation_computation": 0.3945516999999512,
        "powerflow_computation": 8.766482000000003,
        "total": 11.754680099999987
    },
    "total": 62.3810376
}