{
    "Agent": {
        "total": 0.8182571999999908
    },
    "Env": {
        "apply_act": 0.03205669999996985,
        "observation_computation": 0.0038775999999955957,
        "powerflow_computation": 0.15255239999999048,
        "total": 0.18848669999995593
    },
    "total": 1.008232300000003
}