{
    "Agent": {
        "total": 1.2060505000000035
    },
    "Env": {
        "apply_act": 0.0511558999999977,
        "observation_computation": 0.00696879999999922,
        "powerflow_computation": 0.22390220000000483,
        "total": 0.28202690000000175
    },
    "total": 1.4903157
}