{
    "Agent": {
        "total": 0.7958911999999856
    },
    "Env": {
        "apply_act": 0.021704800000009072,
        "observation_computation": 0.00242269999999678,
        "powerflow_computation": 0.16252070000000174,
        "total": 0.1866482000000076
    },
    "total": 0.983725199999995
}